[{"uid": "irwinpg", "name": "Alex Alex"}, {"uid": "soobinalex", "name": "Alex"}, {"uid": "alex.pineschi", "name": "Alex Alex"}, {"uid": "100007739055178", "name": "Alex Viera"}, {"uid": "100007528125519", "name": "Saam Alex"}, {"uid": "elex.ann", "name": "Alex Anney"}, {"uid": "djalexmatt", "name": "Alex Matthew"}, {"uid": "100006471317250", "name": "Alex David"}, {"uid": "100050673426711", "name": "Alex Alex"}, {"uid": "alex.soundala", "name": "Alex Aliya Soundala"}, {"uid": "100054383251646", "name": "Alex Alex"}, {"uid": "100055333836636", "name": "Alex"}, {"uid": "alex.tocilescu", "name": "Alex Tocilescu"}, {"uid": "100008696353619", "name": "Alex Myles"}, {"uid": "MinYoongi.genuis", "name": "Alex"}, {"uid": "alex.l.hailu", "name": "Alex Mamz"}, {"uid": "100054987415765", "name": "Alex"}, {"uid": "koung.k.lay.589", "name": "Alex"}, {"uid": "neve.mendes.336", "name": "Alex"}, {"uid": "alex.abreham.31", "name": "Alex Abreham"}, {"uid": "alex.lahbl", "name": "Alex"}, {"uid": "justALEXtho", "name": "Alex"}, {"uid": "alexperezreports", "name": "Alex Perez"}, {"uid": "100051922233579", "name": "Alex Alex"}, {"uid": "100054882667467", "name": "Alex"}, {"uid": "alex.barlow.399826", "name": "Alex"}, {"uid": "100055330654472", "name": "Alex"}, {"uid": "100034886025439", "name": "Alex Alex"}, {"uid": "100055362034897", "name": "Alex"}, {"uid": "idol.phuong.75685", "name": "Alex"}, {"uid": "100053067803333", "name": "Alex Alex"}, {"uid": "100054747444757", "name": "Alex Alex"}, {"uid": "ploaiex", "name": "Alex"}, {"uid": "100055057870931", "name": "Alex"}, {"uid": "kyiphyu.khin.12764874", "name": "Alex"}, {"uid": "alex.lee.100046", "name": "Alex Lee"}, {"uid": "100053512267768", "name": "Alex"}, {"uid": "alex.silva.10236115", "name": "Alex Silva"}, {"uid": "100054215682281", "name": "Alex"}, {"uid": "100053928557469", "name": "Alex Alex"}, {"uid": "100055181794812", "name": "Alex"}, {"uid": "100029473192275", "name": "Alex Alex"}, {"uid": "100054759461261", "name": "Alex"}, {"uid": "100055975308079", "name": "Alex Alex"}, {"uid": "100018186533343", "name": "Alex"}, {"uid": "100020200345659", "name": "Alex"}, {"uid": "100055183573837", "name": "\u00c3l\u00ebx \u00c3l\u00ebx"}, {"uid": "100056148935227", "name": "Alex"}, {"uid": "100055088205644", "name": "Alex"}, {"uid": "100053456887670", "name": "Alex"}, {"uid": "100055147297322", "name": "Alex Alex"}, {"uid": "duy.alex.5", "name": "Duy Alex"}, {"uid": "100053514343779", "name": "Alex"}, {"uid": "100055099149184", "name": "Alex"}, {"uid": "100055288780241", "name": "Alex"}, {"uid": "100054016775606", "name": "Alex"}, {"uid": "100050082048177", "name": "Alex"}, {"uid": "alex.alessandro.7505468", "name": "Alex Alex"}, {"uid": "100054626566932", "name": "Alex"}, {"uid": "100054458694442", "name": "Alex"}, {"uid": "100047773763063", "name": "Alex"}, {"uid": "100053459225036", "name": "Alex"}, {"uid": "alex.davilixiyon", "name": "Alex"}, {"uid": "100055105445551", "name": "Alex"}, {"uid": "alex.waddell.7399", "name": "Alex Waddell"}, {"uid": "100048561563551", "name": "Alex"}, {"uid": "100018622339880", "name": "Alex"}, {"uid": "100055108274165", "name": "Alex"}, {"uid": "100053888073425", "name": "Alex"}, {"uid": "100034723509304", "name": "Alex"}, {"uid": "100054726640820", "name": "Alex"}, {"uid": "100050396927567", "name": "Alex"}, {"uid": "100052203273089", "name": "Alex"}, {"uid": "100055805196000", "name": "Alex Alex"}, {"uid": "100054199907375", "name": "Alex"}, {"uid": "100054410144608", "name": "Alex"}, {"uid": "100050137252071", "name": "Alex"}, {"uid": "100055412566895", "name": "Alex"}, {"uid": "100057779411887", "name": "Alex Alex"}, {"uid": "100046744110727", "name": "Alex"}, {"uid": "100054934807054", "name": "Alex"}, {"uid": "100055174363142", "name": "Alex Alex"}, {"uid": "100055012764185", "name": "Alex"}, {"uid": "100000045104142", "name": "Liz Alexa Mart\u00ednez Licea"}, {"uid": "andronic.alexz", "name": "Alex Andronic"}, {"uid": "100008652883338", "name": "Alexandra Andra Anton"}, {"uid": "alexandriav2005", "name": "Alexandria Villasenor"}, {"uid": "alexandra.fulop.96", "name": "Alexandra F\u00fcl\u00f6p"}, {"uid": "burataeva.alexandra", "name": "Burataeva Alexandra"}, {"uid": "alex.pshma", "name": "Poe Honey"}, {"uid": "sasha.rud.96", "name": "Alexandra Rud"}, {"uid": "alexandra.siang", "name": "Alexandra Siang"}, {"uid": "alexis.swagg", "name": "Alexa Garcia"}, {"uid": "alex.howitt.5", "name": "Alex Howitt"}, {"uid": "yudith.ochoa.90", "name": "Alexa Monterrubio"}, {"uid": "alexis.feacher", "name": "Alexis Feacher"}, {"uid": "alexxandrademirhas21", "name": "Alexxandra Demirhas"}, {"uid": "thefairygodbarbie", "name": "Alex Mariano"}, {"uid": "100007384185040", "name": "Alex CoNan Real"}, {"uid": "denisealexandra.roque", "name": "Alex Riverdale"}, {"uid": "alex.steinman.754", "name": "Alex Steinman"}, {"uid": "alexptachick", "name": "Alex Ptachick"}, {"uid": "100009906458207", "name": "Alex Zhao"}, {"uid": "alexjhuds", "name": "Alex Hudson"}, {"uid": "100054205404400", "name": "Alex Alex"}, {"uid": "100051643728236", "name": "Alex Alex"}, {"uid": "100053584875742", "name": "Alex Alex"}, {"uid": "cutiealex17", "name": "Alex Anderson"}, {"uid": "alexandra.andra.27", "name": "Alex"}, {"uid": "100053953384218", "name": "Alex"}, {"uid": "100053235630082", "name": "Alex"}, {"uid": "100051920112279", "name": "Alex Alex"}, {"uid": "100054625577249", "name": "Alex"}, {"uid": "100018246589838", "name": "Alex"}, {"uid": "alex.exceed.7", "name": "Alex"}, {"uid": "100054150621884", "name": "Alex Alexx"}, {"uid": "100045475477690", "name": "Alex Alex"}, {"uid": "emy.alex.5811", "name": "Emy Atef"}, {"uid": "100033918605822", "name": "Alex Alex"}, {"uid": "100052973528641", "name": "Alex Alex"}, {"uid": "100052483781190", "name": "Alex Alex"}, {"uid": "100052963384907", "name": "Alex Alex"}, {"uid": "100054858223949", "name": "Alex Alex"}, {"uid": "100054680097028", "name": "Alex Alex"}, {"uid": "100054329093300", "name": "Alex"}, {"uid": "100054542663260", "name": "Alex"}, {"uid": "100053463259365", "name": "Alex Alex"}, {"uid": "100054903227365", "name": "Alex"}, {"uid": "100051261547157", "name": "Alex Alex"}, {"uid": "100052150908969", "name": "Alex Alex"}, {"uid": "100054466479318", "name": "Alex"}, {"uid": "alex.haiste.5", "name": "Alex"}, {"uid": "100051298807573", "name": "Alex Alex"}, {"uid": "100054219291305", "name": "Alex Alex"}, {"uid": "100054312408050", "name": "Alex"}, {"uid": "100053537676725", "name": "Alex"}, {"uid": "100054266208265", "name": "Alex Alex"}, {"uid": "100053690200689", "name": "Alex Alex"}, {"uid": "100052458249272", "name": "Alex Alex"}, {"uid": "100052246352222", "name": "Alex Alex"}, {"uid": "100020065552967", "name": "Alex"}, {"uid": "100054512020550", "name": "Alex"}, {"uid": "100044676769155", "name": "Alex Alex"}, {"uid": "100054687653854", "name": "Alex Alex"}, {"uid": "alex.g379", "name": "Alex"}, {"uid": "100051385983736", "name": "Alex Alex"}, {"uid": "mfc.mfc.731", "name": "Alex Alex"}, {"uid": "100053706791938", "name": "Alex"}, {"uid": "100054712444829", "name": "Alex"}, {"uid": "100053183200705", "name": "Alex"}, {"uid": "100055076434682", "name": "Alex"}, {"uid": "100054868629385", "name": "Alex Alex"}, {"uid": "100055166130886", "name": "Alex Alex"}, {"uid": "100050227489586", "name": "Alex Alex"}, {"uid": "100055037161664", "name": "Alex"}, {"uid": "100052536428179", "name": "Alex Alex"}, {"uid": "100055035006152", "name": "Alex Alex"}, {"uid": "100054253128160", "name": "Alex"}, {"uid": "100053243170710", "name": "Alex"}, {"uid": "100052193691703", "name": "Alex"}, {"uid": "alex.smecheritu.58", "name": "Alex Alex"}, {"uid": "100054697527071", "name": "Alex Alex"}, {"uid": "100054876487320", "name": "Alex"}, {"uid": "100020557524052", "name": "Alex"}, {"uid": "100052954610768", "name": "Alex"}, {"uid": "100017059504040", "name": "Alex Alex"}, {"uid": "100054354085932", "name": "Alex"}, {"uid": "100053400336738", "name": "Alex"}, {"uid": "100054621409578", "name": "Alex"}, {"uid": "100051828612828", "name": "Alex"}, {"uid": "100054860225795", "name": "Alex Alex"}, {"uid": "100056024095035", "name": "Alex"}, {"uid": "100051482198477", "name": "Alex"}, {"uid": "100051178823529", "name": "Alex Alex"}, {"uid": "100052031882702", "name": "Alex"}, {"uid": "100019000955949", "name": "Alex Alex"}, {"uid": "100054807128001", "name": "Alex Alex Alex"}, {"uid": "100051400596523", "name": "Alex"}, {"uid": "100054713575204", "name": "Alex Alex"}, {"uid": "100055031492342", "name": "Alex ALex"}, {"uid": "100055189772876", "name": "Alex Alex"}, {"uid": "100052207807977", "name": "Alex Alex"}, {"uid": "100054671028633", "name": "Alex"}, {"uid": "100050103224543", "name": "Alex"}, {"uid": "liuben.olego", "name": "Alex Alex"}, {"uid": "100055037851449", "name": "Alex Alex"}, {"uid": "alex.urbano.35380", "name": "Alex Urbano"}, {"uid": "alex.mochanov", "name": "Alex  Mochanov"}, {"uid": "sophiialexandra.vassallo", "name": "Sophii Alexandra Amelie Vassallo"}, {"uid": "dubinskyi", "name": "\u0410\u043b\u0435\u043a\u0441\u0430\u043d\u0434\u0440 \u0414\u0443\u0431\u0438\u043d\u0441\u043a\u0438\u0439"}, {"uid": "alex.montiel.1029", "name": "Alex Montiel"}, {"uid": "KBA.pham", "name": "Thai Pham"}, {"uid": "miriamalexia.cubalaurente", "name": "Miriam Alexia Cuba Laurente"}, {"uid": "sub16bars", "name": "Alex Gass"}, {"uid": "alexis.taylor.9", "name": "Alexis Taylor"}, {"uid": "100008170627638", "name": "Alexandra Salerno"}, {"uid": "pamelaalexandrar", "name": "Pamela Alexandra"}, {"uid": "100053604825005", "name": "Alex"}, {"uid": "100055199163595", "name": "Alex"}, {"uid": "100013342682676", "name": "Alex Alex"}, {"uid": "alex.emelyanenko", "name": "Alex Emelianenko"}, {"uid": "100009499961861", "name": "Alex Bruce"}, {"uid": "klokus.a", "name": "Alex Klokus"}, {"uid": "alexpartridge100", "name": "Alex Partridge"}, {"uid": "alex.alves709", "name": "Alex Alves de Lima"}, {"uid": "100055044481759", "name": "L\u014dNg A\u0142ex"}, {"uid": "andras.al.161", "name": "Andr\u00e1s Alex"}, {"uid": "alex.malva.773124", "name": "Alex"}, {"uid": "100051808364442", "name": "Alex Alex"}, {"uid": "100053426430375", "name": "Alex Alex"}, {"uid": "100054610170178", "name": "Alex Alex"}, {"uid": "100053847332089", "name": "Alex Alex"}, {"uid": "100055369263078", "name": "Alex"}, {"uid": "100056170161076", "name": "Alex Alex"}, {"uid": "100053888535811", "name": "AL EX"}, {"uid": "100053017129800", "name": "Alex"}, {"uid": "biban0", "name": "Alex"}, {"uid": "alexa.bujangkeder.3", "name": "Alex"}, {"uid": "100054622834796", "name": "Alex Alex"}, {"uid": "100046163351493", "name": "Alex Alex"}, {"uid": "100050449088220", "name": "Alex Alex"}, {"uid": "stefan.ionita.7509", "name": "Alex Alex"}, {"uid": "100041825044412", "name": "Alex"}, {"uid": "alex.yong.79274", "name": "Alex Yong"}, {"uid": "100054701750705", "name": "Alex Alex"}, {"uid": "100052451471941", "name": "Alex Alex"}, {"uid": "100051279125418", "name": "Alex"}, {"uid": "100053901649607", "name": "Alex"}, {"uid": "100053631577174", "name": "Alex Alex"}, {"uid": "alex.n.noe", "name": "Alex"}, {"uid": "100053637524769", "name": "Alex Alex"}, {"uid": "100041093342231", "name": "Alex Alex"}, {"uid": "100054828385489", "name": "Alex"}, {"uid": "100051752389018", "name": "Alex Alex"}, {"uid": "100053011465543", "name": "Alex Alex"}, {"uid": "100054852040657", "name": "ALex"}, {"uid": "100055160533629", "name": "Alex Alex"}, {"uid": "100054375968600", "name": "Alex Alex"}, {"uid": "100055243538484", "name": "Alex Alex"}, {"uid": "Lex.athena18", "name": "ALEX ATHENA"}, {"uid": "100054758020870", "name": "Alex"}, {"uid": "100054860646480", "name": "Alex"}, {"uid": "100054397309011", "name": "Alex"}, {"uid": "100055230490278", "name": "Alex Alex"}, {"uid": "100054487685150", "name": "Alex"}, {"uid": "nofunkydrummer.garagehead", "name": "Alex Klimentoppoulos"}, {"uid": "alex.noblefrance.7", "name": "Alex Noblefrance"}, {"uid": "karthik.thugluq", "name": "Alex"}, {"uid": "100055072184439", "name": "Alex Alex"}, {"uid": "100054789965124", "name": "Alex Alex"}, {"uid": "100053632597229", "name": "Alex"}, {"uid": "aalex1337", "name": "Alex"}, {"uid": "alex.moe.5602728", "name": "Alex Moe"}, {"uid": "100054217700809", "name": "Alex Alex"}, {"uid": "100055006054010", "name": "Alex Alex"}, {"uid": "100054811940149", "name": "Alex Alex"}, {"uid": "100055009127773", "name": "Alex Alex"}, {"uid": "100054901023159", "name": "Alex Alex"}, {"uid": "100020456576749", "name": "Alex Alex"}, {"uid": "100055276083419", "name": "Alex Alex"}, {"uid": "100053726471652", "name": "Alex"}, {"uid": "100054807970480", "name": "Alex Alex"}, {"uid": "100054006947119", "name": "Alex Alex"}, {"uid": "alex.suciu.3348", "name": "Alex Alex"}, {"uid": "100028751716600", "name": "Alex Alex"}, {"uid": "100056301024679", "name": "Alex Alex"}, {"uid": "100055382285109", "name": "Alex Min"}, {"uid": "100052430264025", "name": "Alex Alex"}, {"uid": "100042372828449", "name": "Alex Reyes"}, {"uid": "tra.freedom.77", "name": "T\u0159\u00e3 \u00c4\u0142\u011bx \u0164\u0159\u00f8"}, {"uid": "gihoa.emkhac.58", "name": "D\u0169ng Alex"}, {"uid": "alexa.alexa", "name": "Alexa Rodulfo"}, {"uid": "100011084314465", "name": "Gabriel-Danut Alexe"}, {"uid": "alex.togatorop.50", "name": "Alex Togatorop"}, {"uid": "arty.kowalski.7", "name": "Artem Alexander"}, {"uid": "alexandra.harper.16", "name": "Alexandra Harper"}, {"uid": "aleckssandra.sandy", "name": "Colta Alexandra"}, {"uid": "Alexandra.Alina.Melia", "name": "Alexandra Alina Melia Krieger"}, {"uid": "mcsapinho.deisrael", "name": "Sandro Korn"}, {"uid": "100006267852879", "name": "Spiros Alexandridis"}, {"uid": "crista.garza.9", "name": "Crista Garza"}, {"uid": "sandra.n.alexandra", "name": "Sandra N Alexandra"}, {"uid": "Dra.Alexandrarada75", "name": "Dra Alexandra Rada"}, {"uid": "tsouvelas.ii", "name": "\u0391\u03bb\u03ad\u03be\u03b1\u03bd\u03b4\u03c1\u03bf\u03c2 \u03a4\u03c3\u03bf\u03c5\u03b2\u03ad\u03bb\u03b1\u03c2"}, {"uid": "alexantukin", "name": "Alexandra Abdon"}, {"uid": "nicolenicolaa", "name": "Alexandra Nicole Karatza"}, {"uid": "100054911752334", "name": "Alex Matias"}, {"uid": "phillipedward.alexander", "name": "Phillip Edward Alexander"}, {"uid": "alex.rendell.9", "name": "Alex Rendell"}, {"uid": "100009438288051", "name": "Alexandre Khokhriakov"}, {"uid": "alex.r.bentley", "name": "Alex Drummond"}, {"uid": "100054985519138", "name": "Alex Villalobos"}, {"uid": "alex.sisa.37853", "name": "Alex Sisa"}, {"uid": "kushstayhigh", "name": "Alexandria Cambrelen"}, {"uid": "dessk1", "name": "Alexandra Diapason"}, {"uid": "domdaddyalex", "name": "Alex Domx"}, {"uid": "100052205500030", "name": "Alex"}, {"uid": "alexdancerofficial", "name": "Alex Mapeleena"}, {"uid": "alex.aguaras", "name": "Alex Geraga"}, {"uid": "Alexxwellms", "name": "Alex Wellms"}, {"uid": "100054638540332", "name": "Mario Alex"}, {"uid": "alexlaughs", "name": "Alex Laughlin"}, {"uid": "100004424405298", "name": "Alex Misko"}, {"uid": "lrun.run", "name": "Alex Mazzella Duncan"}, {"uid": "Axy.boy", "name": "Alex Surlea"}, {"uid": "floreaalexprofile", "name": "Alex Florea"}, {"uid": "alexmartetheoriginal", "name": "Alex Marte"}, {"uid": "angela.alex.10", "name": "Angela Alex"}, {"uid": "alex.wrestler.7", "name": "Alex Wrestler"}, {"uid": "alexpoucherwashere", "name": "Alex Poucher"}, {"uid": "alex.stemela", "name": "Alex Stemela"}, {"uid": "alex.tanney", "name": "Alex Tanney"}, {"uid": "alex.plaza.9693", "name": "Alex Plaza"}, {"uid": "100054559132023", "name": "Alex Alex"}, {"uid": "AlexBergNY", "name": "Alex Berg"}, {"uid": "alex.bowen.99", "name": "Alex Bowen"}, {"uid": "100054416846320", "name": "Alex"}, {"uid": "100055264440303", "name": "Alex"}, {"uid": "ana.alexa.756", "name": "Lx Alex"}, {"uid": "alex.qwq.14", "name": "Alex"}, {"uid": "100054460851173", "name": "Alex Alex"}, {"uid": "100054340428031", "name": "Alex Alex"}, {"uid": "100053633139323", "name": "Alex Alex"}, {"uid": "tiff.mchugh", "name": "Mchugh Alex"}, {"uid": "100052874119797", "name": "Alex"}, {"uid": "100052554488473", "name": "Alex Alex"}, {"uid": "100054703756849", "name": "Alex Alex"}, {"uid": "100054708284341", "name": "Alex"}, {"uid": "100053760516260", "name": "Alex Alexx"}, {"uid": "alex.cm.509", "name": "Alex Alex"}, {"uid": "100055170428914", "name": "Alex Alex"}, {"uid": "100054718852702", "name": "Alex Alex"}, {"uid": "100052391197179", "name": "Alex Bello"}, {"uid": "100054739726206", "name": "Alex Alex"}, {"uid": "100054202699812", "name": "Alex Alex"}, {"uid": "100053435839891", "name": "Alex"}, {"uid": "100051339160820", "name": "Alex"}, {"uid": "alex.zalo.96", "name": "Alex"}, {"uid": "100054406700189", "name": "Alex Alex"}, {"uid": "alex.wii.3", "name": "Alex Alex"}, {"uid": "100054000483697", "name": "Alex Alex"}, {"uid": "100054443384512", "name": "Alex Alex"}, {"uid": "alex.jilca.7", "name": "Alex Alex"}, {"uid": "100051900634683", "name": "Alex Alex"}, {"uid": "100055309596724", "name": "Alex Alex"}, {"uid": "alex.brownlee.1671", "name": "Alex Alex"}, {"uid": "100051481669605", "name": "Alex"}, {"uid": "100053484288443", "name": "Alex Hurtado"}, {"uid": "100052294203300", "name": "Alex"}, {"uid": "100055080523658", "name": "Alex Alex"}, {"uid": "100051576332819", "name": "Alex"}, {"uid": "alexander.bogadoo", "name": "Alex Balboa"}, {"uid": "alex.tejj", "name": "Alex Tejj"}, {"uid": "alex.alexaporna", "name": "Alex Alex Aporna"}, {"uid": "100052583150146", "name": "Alex Alex Alex"}, {"uid": "100006205381253", "name": "Alka Alexa"}, {"uid": "FlawlessPooh", "name": "Alexus Lowrie"}, {"uid": "100054615714594", "name": "A\u0142\u00ebx Ky\u00f8t"}, {"uid": "alex.miljanic26", "name": "Alex Miljani\u0107"}, {"uid": "100055333327607", "name": "Alex Alex"}, {"uid": "enyleve.ogoardeuo", "name": "Alexise Ouedraogo"}, {"uid": "alexeiangelov", "name": "Alexei Angelov Kirakosian"}, {"uid": "dan.alexe", "name": "Dan Alexe"}, {"uid": "alexandraohudson", "name": "Alexandra Hudson"}, {"uid": "alexandraa.vargaa", "name": "Alexandra Varga"}, {"uid": "alexandra.fasulo", "name": "Alexandra Fasulo"}, {"uid": "seominyoungg", "name": "Kenny ALexanders Monroe"}, {"uid": "alexandraletellier", "name": "Alexandra Le Tellier"}, {"uid": "alexandrawilkiswilson", "name": "Alexandra Wilkis Wilson"}, {"uid": "alexandra.petri", "name": "Alexandra Petri"}, {"uid": "alex.petrov.3975", "name": "\u041e\u043b\u0435\u043a\u0441\u0456\u0439 \u041f\u0435\u0442\u0440\u043e\u0432"}, {"uid": "alexander.delgadohernandez.7", "name": "Alexander Delgado Hernandez"}, {"uid": "alex.rami.944", "name": "\u0631\u0627\u0645\u064a \u0639\u062f\u0646\u0627\u0646 \u0627\u0644\u0634\u0628\u0648\u0644"}, {"uid": "alexandra.borges.963", "name": "Alexandra Borges"}, {"uid": "bindhu.alex.54", "name": "Bindhu Alex"}, {"uid": "alexander.herreraramirez.1", "name": "Jos\u00e9 Herrera"}, {"uid": "100005309888320", "name": "Alex DelHeyos"}, {"uid": "alex.lex.1806253", "name": "Alex Lex"}, {"uid": "alexandrefard", "name": "Alexandre Fardellone"}, {"uid": "www.AlexaGrace", "name": "Alexa Rose"}, {"uid": "alex.einstein.524", "name": "Alex Einstein"}, {"uid": "babygirlgotswag", "name": "Courtney Alexis"}, {"uid": "apenamatos", "name": "Alexia Gisell"}, {"uid": "Brunoalexismatias", "name": "Matias Bruno Alexis"}, {"uid": "alex.merchant.7923", "name": "Alex Merchant"}, {"uid": "Reinaalexiss", "name": "Reina Alexis Tavera Betingue"}, {"uid": "100008392901839", "name": "Hermanne Mariette Gaulliot"}, {"uid": "alexandrialoudr", "name": "Alexandria Lou Del Rosario"}, {"uid": "sisipho.kolela", "name": "Sisipho Kolela"}, {"uid": "alex.mucci.79", "name": "Alex Mucci"}, {"uid": "Odheng29", "name": "Alexis Odheng Molera"}, {"uid": "lexi.nievas", "name": "Alexia Nievas"}, {"uid": "freenailclass", "name": "Alexander Stepanov"}, {"uid": "100000460594185", "name": "Alejandro Robles"}, {"uid": "alex.tisa.18", "name": "Alex Tisa"}, {"uid": "AlexGustavoCosta", "name": "Alex Gustavo Costa"}, {"uid": "anaalexandracastro", "name": "Alex Castro"}, {"uid": "Alexalcala05", "name": "Alex Alcala"}, {"uid": "alexandreyou080394", "name": "Alex You"}, {"uid": "kantrowitz", "name": "Alex Kantrowitz"}, {"uid": "zayam", "name": "Alex Yam"}, {"uid": "jessica.alex.96558061", "name": "Jessica Alex"}, {"uid": "100054404357088", "name": "Alex"}, {"uid": "100054801522342", "name": "Alex Alex"}, {"uid": "alex.campbell.1614460", "name": "Alex Campbell"}, {"uid": "100054967780195", "name": "Alex"}, {"uid": "100054157131123", "name": "Alex"}, {"uid": "ale.alexa.3745496", "name": "Alex Alex"}, {"uid": "i.alex.cooper", "name": "Alex Cooper"}, {"uid": "bangkaalex", "name": "Alex"}, {"uid": "100048592563974", "name": "Alex"}, {"uid": "100054150020843", "name": "Alex"}, {"uid": "100053116275675", "name": "Alex"}, {"uid": "price.prww", "name": "Alex Trion"}, {"uid": "100054703701601", "name": "Alex Alex"}, {"uid": "100055445134705", "name": "Alex Alex"}, {"uid": "alex.mi.16503", "name": "Alex Mi"}, {"uid": "100054281298524", "name": "Alex Alex"}, {"uid": "100054690635418", "name": "Alex Alex"}, {"uid": "100055307288238", "name": "Alex"}, {"uid": "100053689590701", "name": "Alex Alex"}, {"uid": "100054642454505", "name": "Alex"}, {"uid": "alexandru.burdujaalexandru", "name": "Alex Alex"}, {"uid": "100055105778700", "name": "Alex Alex"}, {"uid": "elysia.alex.5", "name": "Elysia Alex"}, {"uid": "alex.vidler.161", "name": "Alex Vidler"}, {"uid": "alexdandi", "name": "Alex Dandi"}, {"uid": "alex.pandelica.98", "name": "Alex Alex"}, {"uid": "100054888925132", "name": "Alex Alex"}, {"uid": "alexperez.perez.735", "name": "Prince Alex"}, {"uid": "100051776873703", "name": "Alex"}, {"uid": "100053741646502", "name": "Alex Alex"}, {"uid": "100010564022119", "name": "Alex Qerite"}, {"uid": "100054175772997", "name": "Alex Alex"}, {"uid": "alex.hillsmith.5", "name": "Alex Hill-Smith"}, {"uid": "100054860138326", "name": "Alex Alex"}, {"uid": "100033576903695", "name": "Jaramillo Alex"}, {"uid": "100051827121862", "name": "Alex Alex"}, {"uid": "100039059298404", "name": "Bang Alex"}, {"uid": "100054871807571", "name": "Alex"}, {"uid": "100041704181826", "name": "Dan Alex Torres"}, {"uid": "100039858880659", "name": "Alex Alex"}, {"uid": "100054215034026", "name": "Alex L\u00f3pez"}, {"uid": "100047858271669", "name": "Alex Flores"}, {"uid": "san.aleax", "name": "San Alex"}, {"uid": "alexiscorbii", "name": "Alexis Corbi Salita"}, {"uid": "alexis.thatgirl", "name": "Alexis Jones"}, {"uid": "alexiabonatsos", "name": "Alexia Bonatsos"}, {"uid": "axlitos", "name": "Alex Castilla Baca"}, {"uid": "alexia.savey", "name": "Alexia Savey"}, {"uid": "AlexandrePeplawPhotographe", "name": "Alexandre Peplaw"}, {"uid": "AlexandraSobczak89", "name": "Alexandra Sobczak"}, {"uid": "100005689517151", "name": "Arkeera TabooNation Alexander"}, {"uid": "alexandra.decastro.9022", "name": "Alexandra de Castro"}, {"uid": "manicomio.piter.1", "name": "Piter Alexander"}, {"uid": "alexandra.werwath", "name": "Alexandra Werwath"}, {"uid": "alexkopsialis", "name": "Alexandros Kopsialis"}, {"uid": "alexander.s.neu", "name": "Alexander Neu"}, {"uid": "Sandrobonas", "name": "Sandro Bon\u00e1s"}, {"uid": "alexandra.maria.9659", "name": "Alexandra Maria"}, {"uid": "wachter.alexandra", "name": "Alexandra Maritza Wachter"}, {"uid": "lamorenadelacosta", "name": "Alejandra Robles"}, {"uid": "thesofiya", "name": "Sofiya Alexandra"}, {"uid": "alexandra.g.grimaldi", "name": "Alexandra Guerrero Grimaldi"}, {"uid": "alexandra.vieira.391", "name": "Alexandra Vieira"}, {"uid": "alessandro.malomo.1", "name": "Alessandro Malomo"}, {"uid": "anhahn", "name": "Alexander Hahn"}, {"uid": "100054473035693", "name": "Rg Alex"}, {"uid": "100053823194239", "name": "HR Alex"}, {"uid": "aleksander.panayotov", "name": "Aleksander Panayotov"}, {"uid": "timofeevsky", "name": "Alexander Timofeevsky"}, {"uid": "alex.huylebroeck.1", "name": "Alex Huylebroeck"}, {"uid": "zimnyal", "name": "Alexandra Zimny"}, {"uid": "noracandra.luthie", "name": "Nora Alexandra Philip"}, {"uid": "alexey.chumakov.50", "name": "Alexey  Chumakov"}, {"uid": "100056073896627", "name": "Alex Maldonado"}, {"uid": "100010578281118", "name": "Alex Noinets"}, {"uid": "alexia.leblok.1", "name": "Alexia Leblok"}, {"uid": "alexus.wyman", "name": "Alexus Wyman"}, {"uid": "alexsis.hampton", "name": "Alexsis Hampton"}, {"uid": "alexa.cabigon", "name": "Princess Annika Cabigon"}, {"uid": "XuXutzy", "name": "Alexandra Nedelcu"}, {"uid": "wungpawng.myutsaw", "name": "Alexandar Lamung"}, {"uid": "anna.alex.18847", "name": "Ana Alves Ara\u00fajo"}, {"uid": "reneboyngbuhaymo", "name": "Alex RB Santos"}, {"uid": "KassandraReyesGonzales", "name": "Alexa Reyes"}, {"uid": "noel.garcia.127201", "name": "Noel Alexis Garcia"}, {"uid": "alottoni", "name": "Alexandre Ottoni"}, {"uid": "Alexandra1934", "name": "Paola Alexandra Montilla Pilier"}, {"uid": "bbubby", "name": "Alexandra Grigoruta"}, {"uid": "MinhoSDP", "name": "Remyson Alexandre"}, {"uid": "roniel.alexander11", "name": "Roniel Alexander"}, {"uid": "100010960144992", "name": "Alex Kerkasaw"}, {"uid": "alex.prokuplja", "name": "Alex Prokuplja"}, {"uid": "alexcharfen1", "name": "Alex Charfen"}, {"uid": "alex.becker0", "name": "Alex Becker"}, {"uid": "100055510380860", "name": "Alex"}, {"uid": "100054621258568", "name": "Alex Ale"}, {"uid": "100055093021631", "name": "Alex Alex"}, {"uid": "alex.epi.5", "name": "Alex Epi"}, {"uid": "100040927432998", "name": "Alex Alex"}, {"uid": "100055136320198", "name": "Alex"}, {"uid": "100033670357184", "name": "Alex Alex"}, {"uid": "alex.alaan.94", "name": "Alex Ambion Alaan"}, {"uid": "100054649388130", "name": "Alex"}, {"uid": "100025169514347", "name": "Alex Alex"}, {"uid": "100054672127107", "name": "Alex"}, {"uid": "100054480986694", "name": "Alex Alex"}, {"uid": "100048314299495", "name": "Alex"}, {"uid": "100051074213142", "name": "Alex Souza"}, {"uid": "100054708405214", "name": "Alex Alex"}, {"uid": "100054761601253", "name": "Alex Alex"}, {"uid": "100054109170242", "name": "Alex Halford"}, {"uid": "100051482002805", "name": "Alex"}, {"uid": "100054187029340", "name": "Alex Alva"}, {"uid": "100055092909040", "name": "Alex Real"}, {"uid": "100054702968217", "name": "Alex Alex"}, {"uid": "100044024622877", "name": "Alex Alex"}, {"uid": "100054893712992", "name": "Alex"}, {"uid": "100054909848389", "name": "Alex Alex"}, {"uid": "100011065084209", "name": "Alex Candelaria"}, {"uid": "100020576905724", "name": "A\u0142\u00e8x XS\u00e9ven"}, {"uid": "100052692705386", "name": "Alex Wh"}, {"uid": "100055176049747", "name": "Alex Sandro"}, {"uid": "100055405013214", "name": "Alex"}, {"uid": "alex.moschopoulos.73", "name": "Alex Moschopoulos"}, {"uid": "100054588256774", "name": "Alex"}, {"uid": "100051831832164", "name": "Alex Alex"}, {"uid": "100054341181271", "name": "Alex Alex"}, {"uid": "100055695913656", "name": "Alex Alex"}, {"uid": "100053222895081", "name": "Alex Alex"}, {"uid": "100047270793594", "name": "Alex Alex"}, {"uid": "alex.lazarev.3388", "name": "Alex Lazarev"}, {"uid": "alex.hale.102361", "name": "Alex Hale"}, {"uid": "alex.gatton.509", "name": "Alex Gatton"}, {"uid": "100055429171777", "name": "Alex Espinosa Santos"}, {"uid": "valalex.moigne", "name": "Val Alex Moigne"}, {"uid": "alex.murvai.735", "name": "Alex Murvai"}, {"uid": "100055450453351", "name": "Alex"}, {"uid": "el.alex.16906", "name": "Alex Garza"}, {"uid": "tumusiime.alex.940098", "name": "Tumusiime Alex"}, {"uid": "alex.cema.33", "name": "Alex Cema"}, {"uid": "alexanderamruy.alex.1", "name": "Alexander Amruy Alex"}, {"uid": "sudnikovalex", "name": "Alexey Sudnikov"}, {"uid": "alex.momich.7", "name": "Alex Momich"}, {"uid": "amaston", "name": "Alexis McClinton"}, {"uid": "OfficiallyLex", "name": "Alexis Branch"}, {"uid": "100019296052105", "name": "Alex Love"}, {"uid": "law.alex.7731", "name": "Alex Law"}, {"uid": "100054140165068", "name": "Bang Alex"}, {"uid": "darkolorin", "name": "Alexey Moiseenkov"}, {"uid": "Kucherenko2020", "name": "Alexey Kucherenko"}, {"uid": "alex.veselinski", "name": "Alex Veselinski"}, {"uid": "Essence.Of.Beauty07", "name": "Alexia-Rae Brionna"}, {"uid": "100034062995545", "name": "Jos\u00e9 Alex"}, {"uid": "100001280473121", "name": "Alexsandra Villa"}, {"uid": "fachetti21", "name": "Alexandre Fachetti"}, {"uid": "ninakeith.b.viterbo", "name": "Ni\u00f1a Keith Briones Viterbo"}, {"uid": "alexandracasasaprilO", "name": "Alexandra Casas"}, {"uid": "ipredkin", "name": "Alexander Redkin"}, {"uid": "ADGdaHT", "name": "Alexandre Generoso"}, {"uid": "alexandratsolka", "name": "\u0391\u03bb\u03b5\u03be\u03ac\u03bd\u03b4\u03c1\u03b1 \u03a4\u03c3\u03cc\u03bb\u03ba\u03b1"}, {"uid": "AlexanderKoslowskiFanpage", "name": "Alexander Koslowski"}, {"uid": "alexandra.tanasoiu.1", "name": "Alexandra Tanasoiu"}, {"uid": "alexandra.charitatou", "name": "Alexandra Charitatou"}, {"uid": "alex.oduro.104", "name": "Berma Bediide GH"}, {"uid": "dollfacemoneyy", "name": "Zhan\u00e9 Hopgood"}, {"uid": "100000956963390", "name": "Anka Staar"}, {"uid": "faten.alex", "name": "\u0645\u0635\u0645\u0645\u0629 \u0627\u0644\u0634\u0645\u0648\u0639 \u0641\u0627\u062a\u0646 \u0627\u062d\u0645\u062f"}, {"uid": "alexander.mueller.fdp", "name": "Alexander M\u00fcller"}, {"uid": "alexis.kunsadila", "name": "Alexis Kunsadila"}, {"uid": "john.a.ortiz.9081", "name": "John Alexander Ortiz"}, {"uid": "emilioalejandro.guajardogalan.7", "name": "Alex Guajardo"}, {"uid": "osovtsovaa", "name": "Alexander  Osovtsov"}, {"uid": "alex.animazione", "name": "Alex Floridia"}, {"uid": "alexbernal21", "name": "Alex Celario Bernal"}, {"uid": "skendenko", "name": "Alex Skendenko"}, {"uid": "alex.hartmann.315", "name": "Alex Hartmann"}, {"uid": "alex.winter.731572", "name": "Alex Todoroki"}, {"uid": "soudabatata", "name": "Alexia Drew"}, {"uid": "100001737077179", "name": "Alexey Shabunia Ifbb Pro"}, {"uid": "100009054748791", "name": "Alexx Duvall"}, {"uid": "alex.fkapitarauw", "name": "Alex Fkapitarauw"}, {"uid": "alexandriataasan", "name": "Alexandria Ta-asan"}, {"uid": "alexandra.delcourt.16", "name": "Alexandra Delcourt"}, {"uid": "marily.alexopoulou.3", "name": "Marily Maria Alexopoulou"}, {"uid": "alexandra.garibaygarcia", "name": "Alexandra Mcqueen"}, {"uid": "100040471297229", "name": "Alex Harris"}, {"uid": "alexandrastrellaapril.gustilo", "name": "Alexandra Strella April Gustilo"}, {"uid": "jhervin.manansala", "name": "Fabella Alexandros Montemayor"}, {"uid": "alexaureee", "name": "Alex Aure"}, {"uid": "alexnoiyit", "name": "Alex N Alex Noyt"}, {"uid": "alex.bryand.75", "name": "Alex Bryand"}, {"uid": "alex.roelse", "name": "Alex Roelse"}, {"uid": "alexgarcia05", "name": "Alex Garcia"}, {"uid": "100054795195126", "name": "Alex Delgado"}, {"uid": "alex.komal.35", "name": "Alex Komal"}, {"uid": "100054571076203", "name": "Alex"}, {"uid": "100052029076790", "name": "Alex"}, {"uid": "100055326264996", "name": "Alex"}, {"uid": "100040451160444", "name": "\u00c1lex"}, {"uid": "100019423281210", "name": "Alex"}, {"uid": "100054694937148", "name": "Alex Alex"}, {"uid": "100054897563231", "name": "Alex"}, {"uid": "100052830994276", "name": "Alex"}, {"uid": "100006945764442", "name": "Alex Chen"}, {"uid": "100030184311934", "name": "Alex Alexandru"}, {"uid": "100052667380182", "name": "Alex"}, {"uid": "100018615023883", "name": "Alex"}, {"uid": "yng.capo.52", "name": "Alex Wit A Hoe"}, {"uid": "alex.nico.395891", "name": "Alex Nico"}, {"uid": "100054926121637", "name": "Alex"}, {"uid": "alexnaaj.naaj", "name": "Alex Naaj Naaj"}, {"uid": "100048624224649", "name": "Alex Perez"}, {"uid": "100054602991444", "name": "Alex Alex"}, {"uid": "alex.garciagarcia.505", "name": "Alex Garcia Garcia"}, {"uid": "100052184735489", "name": "Alex"}, {"uid": "autowerkstatt.alex.5", "name": "Autowerkstatt Alex"}, {"uid": "100054782967276", "name": "Alex Alex"}, {"uid": "100055927737163", "name": "Alex Alex"}, {"uid": "dani.alex.9275", "name": "Dani Alex"}, {"uid": "alex.bolster.39", "name": "Alex Bolster"}, {"uid": "100053169732925", "name": "Alex Alex"}, {"uid": "100052248250809", "name": "Alex"}, {"uid": "yagata.alex", "name": "Yagata Alex"}, {"uid": "isaias.at.3", "name": "\u00c1lex At"}, {"uid": "ualexis", "name": "Alexis Unique Jackson"}, {"uid": "100055429680552", "name": "Alex Alex"}, {"uid": "wendigo.forest.9", "name": "Alex Mendoza"}, {"uid": "alex.barco.9085790", "name": "Alex Barco"}, {"uid": "alex.dionisio.14289", "name": "Alex Dionisio"}, {"uid": "avvillano", "name": "Alexa Villano"}, {"uid": "alexisbbrrrr", "name": "Alexis Barboiron"}, {"uid": "lexiinfinithree15", "name": "Alexia Pantaleon"}, {"uid": "Prak.Chinda.Nita", "name": "Alexta Prak"}, {"uid": "alexis.grant.31", "name": "Alexis Grant"}, {"uid": "alexia.stoltidou", "name": "Alexia Stoltidou"}, {"uid": "alex.poblete1", "name": "Alexey Poblete"}, {"uid": "alex.currence.37", "name": "Alex Currence"}, {"uid": "alexey.lukyanuk", "name": "Alexey Lukyanuk"}, {"uid": "alexisgnagno", "name": "Alexis Gnagno"}, {"uid": "alexiskleinman", "name": "Alexis Kleinman"}, {"uid": "alexia.saavedra.399", "name": "Alexia Saavedra Cabrera"}, {"uid": "100031663754468", "name": "Alex Javier"}, {"uid": "alexeiyagudin", "name": "\u0410\u043b\u0435\u043a\u0441\u0435\u0439 \u042f\u0433\u0443\u0434\u0438\u043d"}, {"uid": "titrnka", "name": "Alexandra Tytarenko"}, {"uid": "alex.pazoti2110", "name": "Alexandre Pazoti"}, {"uid": "100009295028109", "name": "Alexandra Madarang"}, {"uid": "AlexandraRobbinsbooks", "name": "Alexandra Robbins"}, {"uid": "tinkerinalexy", "name": "Alexandra Uy"}, {"uid": "alexandra.raisman", "name": "Alexandra Raisman"}, {"uid": "AManuelaArce", "name": "Alexandra Manuela Arce Pl\u00faas"}, {"uid": "alexandra.barrulas", "name": "Alexandra Barrulas"}, {"uid": "alexandrabaldehloras", "name": "Alexandra Baldeh Loras"}, {"uid": "alexandre.breugnot.3", "name": "Alexandre Breugnot"}, {"uid": "koul9", "name": "Alexander Koul"}, {"uid": "wannb123", "name": "Alexandra Billings"}, {"uid": "ahohagen", "name": "Alexandre Hohagen"}, {"uid": "alexander.sautter", "name": "Alexander Sautter"}, {"uid": "alex.satana666", "name": "Aleksandr Shikolai"}, {"uid": "fungyinglun", "name": "Al Fung"}, {"uid": "lapshin", "name": "Alexander Lapshin"}, {"uid": "alex.ballori", "name": "Alex Ballori"}, {"uid": "Alexandersiniora", "name": "Alexander Siniora"}, {"uid": "alexandre.poussin2", "name": "Alexandre Poussin Madatrek"}, {"uid": "alexissalyers07", "name": "Alexis Salyers"}, {"uid": "al.ja.315428", "name": "Alex Jana"}, {"uid": "afsanaakter.mimi.963434", "name": "Alex Afsana Xhowdhury"}, {"uid": "alex.csicso.9", "name": "Alex Csicso"}, {"uid": "alexmuller93", "name": "Alex M\u00fcller Kramberger"}, {"uid": "100054545948647", "name": "Alex Charles"}, {"uid": "gpanlilio", "name": "Alexa Miro"}, {"uid": "jamshalexis", "name": "Jamsha Alexis"}, {"uid": "alexmurtab.alex", "name": "Alex Murtab Alex"}, {"uid": "yiuhhbhvbvfjhb", "name": "Alexa Dashian"}, {"uid": "100055267954575", "name": "Alex Borja"}, {"uid": "alex.zedra.1447", "name": "Alex Zedra"}, {"uid": "alexandro.ferreiraalexii", "name": "Alexandro Ferreira Alex II"}, {"uid": "nicoleta.alexandrasterghiu", "name": "Nicoleta Alexandra Sterghiu"}, {"uid": "100053565573535", "name": "Alex Anaya"}, {"uid": "alexandreporpetoneoficial", "name": "Alexandre Porpetone"}, {"uid": "xaninha8", "name": "Alexandra Pinto"}, {"uid": "alexannclark", "name": "Alex Clark"}, {"uid": "britt.alex.547", "name": "Britt Alex"}, {"uid": "alexia.tamiraalvesdesouza", "name": "Alexia Tamira"}, {"uid": "jinnysuperstar", "name": "Jane Alexander"}, {"uid": "alexandergeorgeofficial", "name": "Alexander George"}, {"uid": "alexandre.debanne", "name": "Alexandre Debanne"}, {"uid": "100052561190171", "name": "Alex"}, {"uid": "100008455620528", "name": "Alex Balmatero"}, {"uid": "100054846472914", "name": "Alex Alex"}, {"uid": "100014583466006", "name": "Alex Kushnir"}, {"uid": "alex.pagulayan.1426", "name": "Alex Pagulayan"}, {"uid": "100051647272007", "name": "Alex"}, {"uid": "100054922430881", "name": "Alex Sandra"}, {"uid": "nguyen.alex.1042032", "name": "Nguyen Alex"}, {"uid": "alex.morton.37", "name": "Alex Morton"}, {"uid": "100024295103409", "name": "Alex Alex"}, {"uid": "alex.ayuda.568", "name": "Alex Ayuda"}, {"uid": "alex.zin.944", "name": "ALex Zin"}, {"uid": "100054425154569", "name": "AL EX"}, {"uid": "mira.nanda.58118", "name": "Alex Jr."}, {"uid": "alex.aruhi.75", "name": "Alex Aruhi"}, {"uid": "100041280734898", "name": "Alex"}, {"uid": "mahmud.kades.7", "name": "Alex"}, {"uid": "100053179029279", "name": "Alex"}, {"uid": "100024971626935", "name": "Alex Alex"}, {"uid": "100055297568860", "name": "Alex"}, {"uid": "100052945820760", "name": "Alex"}, {"uid": "100054877186681", "name": "Alex"}, {"uid": "100053457492600", "name": "Alex"}, {"uid": "100055142954909", "name": "Alex"}, {"uid": "100054858024641", "name": "Alex"}, {"uid": "alex.opez.10", "name": "Alex Opez"}, {"uid": "100055183801495", "name": "Alex Alex"}, {"uid": "100054615303464", "name": "Alex Alex"}, {"uid": "100052211710517", "name": "Alex"}, {"uid": "100054843730424", "name": "Alex Alex"}, {"uid": "alex.joniel", "name": "Alex Joniel"}, {"uid": "100054980400541", "name": "Alex Alex"}, {"uid": "vizitiu.alex.54", "name": "Alex Boss"}, {"uid": "100054522826269", "name": "Alex Alex"}, {"uid": "100054711166678", "name": "Alex Marin"}, {"uid": "100054692702406", "name": "Alex Alex"}, {"uid": "alex.rich.1000469", "name": "Alex Rich"}, {"uid": "100055019596819", "name": "AL EX"}, {"uid": "100055099447747", "name": "Alex Alex"}, {"uid": "popescu.andrei.940098", "name": "Adrian Alex"}, {"uid": "alex.lucot.90", "name": "Alex Lucot"}, {"uid": "backdoor.alex", "name": "Backdoor Alex"}, {"uid": "100019860260131", "name": "Alex Alex"}, {"uid": "100052633846226", "name": "Alex"}, {"uid": "alex.chero.986", "name": "Alex Chero"}, {"uid": "100011816598767", "name": "Stephanie Alex"}, {"uid": "alex.fayerman.5", "name": "Alex Fayerman"}, {"uid": "coctiul.alex", "name": "\u00c1lex Tiul"}, {"uid": "khanhphuongalexa", "name": "Kh\u00e1nh Ph\u01b0\u01a1ng Alexa"}, {"uid": "officialalexislashaun", "name": "Alexis Lashaun"}, {"uid": "AlexaGotThis", "name": "Alexa Fernandez"}, {"uid": "100054564533628", "name": "Alex Alex"}, {"uid": "100054614922326", "name": "Alex Alex"}, {"uid": "erna.alex.58", "name": "Erna Alex"}, {"uid": "alexa.najem84", "name": "Alexa Najem"}, {"uid": "diveyeff", "name": "Diveyeff-Tserkovny Alexei"}, {"uid": "alex.robles.3323457", "name": "Alex Robles"}, {"uid": "100033390952215", "name": "Max Alex"}, {"uid": "100050638013944", "name": "Ph\u1ea1m Alex"}, {"uid": "alexis.lushnikov", "name": "\u0410\u043b\u0435\u043a\u0441\u0435\u0439 \u041b\u0443\u0448\u043d\u0438\u043a\u043e\u0432"}, {"uid": "arrozalmariellebasco", "name": "Marielle Arrozal Martinez"}, {"uid": "alexandertolmatskiy", "name": "Alexander Tolmatskiy"}, {"uid": "sandromabel", "name": "Sandro Mabel"}, {"uid": "daiana.alexandra.7", "name": "Daiana Alexandra"}, {"uid": "saWalther", "name": "Sascha Walther"}, {"uid": "alexander.kardakov.9", "name": "Alexander  Kardakov"}, {"uid": "alessiodegiorgi", "name": "Alessio De Giorgi"}, {"uid": "alexandre.amiel", "name": "Alexandre Amiel"}, {"uid": "alexander.kacala", "name": "Alexander Kacala"}, {"uid": "marius.zalau", "name": "Marius Alexandru Lacatus"}, {"uid": "alexandre.orrico", "name": "Alexandre Orrico"}, {"uid": "sascha.mueller", "name": "Sascha M\u00fcller"}, {"uid": "netmad", "name": "Alexandre Malsch"}, {"uid": "alex.zheng.750", "name": "Alex Zheng"}, {"uid": "shay.alexander.77985", "name": "Shay Alexander"}, {"uid": "100054250729332", "name": "Alex Jones"}, {"uid": "alexbelov77", "name": "\u0410\u043b\u0435\u043a\u0441\u0430\u043d\u0434\u0440 \u0411\u0435\u043b\u043e\u0432"}, {"uid": "alexalonsobacker", "name": "Alex Alonso Rosa"}, {"uid": "madeleingsalexandra.contrerasmaldonado", "name": "Madeleings Alexandra Contreras Maldonado"}, {"uid": "alex.delora", "name": "Alex DeLora"}, {"uid": "ALEXZCANE", "name": "Alex Cane"}, {"uid": "100054893254410", "name": "Alex Flores"}, {"uid": "100054857974126", "name": "Alex Pina"}, {"uid": "100055357126226", "name": "Alex Andre"}, {"uid": "alex.alcantar.14418", "name": "Alex Alcantar"}, {"uid": "alex.breitenbach.77", "name": "Alex Breitenbach"}, {"uid": "alexaLOVESPG", "name": "Alexa Love Monterial"}, {"uid": "100054848928408", "name": "Alex Hart"}, {"uid": "jianu.mc", "name": "Jianu Alexandru"}, {"uid": "alexaliz.mestre.75", "name": "Alexaliz Mestre"}, {"uid": "saima.alex.1", "name": "Saima Alex"}, {"uid": "vazquezmyrita", "name": "Alexia Zitro"}, {"uid": "alexia.santos.925", "name": "Alexia Santos"}, {"uid": "100020459665485", "name": "Xan Alex"}, {"uid": "alexaaa.alee", "name": "Alexandra Birsan"}, {"uid": "AlexCunninghamMP", "name": "Alex Cunningham"}, {"uid": "Grekc0", "name": "Alex Arizmendy"}, {"uid": "alex.gabroveanu", "name": "Alex Gabroveanu"}, {"uid": "alexbmorse", "name": "Alex Morse"}, {"uid": "alexandrmagala", "name": "Alex Magala"}, {"uid": "100054846422399", "name": "N\u012b\u012b \u0100\u0142\u0113x"}, {"uid": "alex.zig.12", "name": "Alex Zig"}, {"uid": "nicolas.alex.5648", "name": "Nicolas Alex"}, {"uid": "alexlopesoficial", "name": "Alex Lopes"}, {"uid": "100054597304448", "name": "Alex Flores"}, {"uid": "alex.perron.98", "name": "Alex Perron"}, {"uid": "100054557126612", "name": "Alex"}, {"uid": "alexhuot", "name": "Alex Huot"}, {"uid": "100054689705795", "name": "Alex Delgado"}, {"uid": "yess.flores.507027", "name": "Flores Alex"}, {"uid": "alex.alexender.5264", "name": "Alex Alexender"}, {"uid": "BarbacaruAlexandru", "name": "Alex Barbacaru"}, {"uid": "100053244796934", "name": "Alex Alex"}, {"uid": "julian.fabe.3", "name": "Alex Rk"}, {"uid": "100005627718689", "name": "Alex Yuan"}, {"uid": "100030265952484", "name": "Alex"}, {"uid": "100047574887523", "name": "Alex Alex"}, {"uid": "417Alex.Reed.ss", "name": "Reed Alex"}, {"uid": "100019722865938", "name": "Alex"}, {"uid": "100049668500371", "name": "Alex"}, {"uid": "mrbeatmasta", "name": "Alex Vanyan"}, {"uid": "100055093064119", "name": "Alex Alex"}, {"uid": "roki.darma.10", "name": "Alex"}, {"uid": "alex.ting.357", "name": "Alex Ting"}, {"uid": "100051454447773", "name": "Alex Alex"}, {"uid": "100050896932354", "name": "Alex"}, {"uid": "100056780013154", "name": "Alex"}, {"uid": "100054423442727", "name": "Cristina  Alex"}, {"uid": "100053903292636", "name": "Alex Alex"}, {"uid": "100048778051508", "name": "Alex Hernandez"}, {"uid": "100055180154951", "name": "Alex Alex"}, {"uid": "alex.ivanov.9828456", "name": "Alex Ivanov"}, {"uid": "100051759605617", "name": "Alex Alex"}, {"uid": "100055078410265", "name": "Alex Alex"}, {"uid": "100019127178311", "name": "Alex Rojas"}, {"uid": "alex.boea", "name": "Alex Boea"}, {"uid": "100054717016283", "name": "Alex Don"}, {"uid": "100054418766118", "name": "Ma Alex"}, {"uid": "alex.proulx.969", "name": "Alex Proulx"}, {"uid": "100054416600265", "name": "Alex Alex"}, {"uid": "nery.alex.507", "name": "Nery Alex"}, {"uid": "100054902653804", "name": "Angel Alex"}, {"uid": "alex.shuilema", "name": "Alex Shuilema"}, {"uid": "alex.abby.790", "name": "Alex Abby"}, {"uid": "alex.colhoun.98", "name": "Alex Colhoun"}, {"uid": "alex.persaud.3367174", "name": "Alex Persaud"}, {"uid": "alex.pablo.90226628", "name": "Alex Pablo"}, {"uid": "alex.sankar.587", "name": "Alex Sankar"}, {"uid": "alex.india.9235", "name": "Alex India"}, {"uid": "alexismichael", "name": "Alexis Michael"}, {"uid": "MolchanovAlexey", "name": "Alexey Molchanov"}, {"uid": "sophiaalexis.r", "name": "Sophia Alexis Ramos"}, {"uid": "thana.alexa", "name": "Thana Alexa"}, {"uid": "daniialexis", "name": "Daniiell\u00e8 Alexis"}, {"uid": "alex.wwh.3", "name": "Alex Wwh"}, {"uid": "alexunder.brownnew", "name": "Alexunder Brown III"}, {"uid": "biruktawit.alex", "name": "Birukti Alemayehu"}, {"uid": "alexandrafigueiredoRP", "name": "Alexandra Figueiredo"}, {"uid": "alexandrosmaragos", "name": "Alexandros Maragos"}, {"uid": "alex.taylor.332345", "name": "Alex Taylor"}, {"uid": "abelov", "name": "Alexander Belov"}, {"uid": "alexandra.nicole.33234", "name": "Alexandra Nicole"}, {"uid": "aelebedev", "name": "Alexander Lebedev"}, {"uid": "alexkrauss.erz", "name": "Alexander Krau\u00df"}, {"uid": "JohnItor277", "name": "Alexander Slocombe"}, {"uid": "alexandra.d.pozo", "name": "Alexandra Del Pozo"}, {"uid": "tonumoto3", "name": "Alessandro Tonucci"}, {"uid": "alexander.tsibulskiy.7", "name": "Alexander Tsibulskiy"}, {"uid": "mralexalba", "name": "Alejandro Alba"}, {"uid": "100009741785891", "name": "Alessandra Locatelli"}, {"uid": "alexhouben.trier", "name": "Alexander Houben"}, {"uid": "alexanderckaufman", "name": "Alexander Charles Kaufman"}, {"uid": "AlexandruOvidiuRaetchi", "name": "Ovidiu Alexandru Raetchi"}, {"uid": "imalexmtv", "name": "Alexander Ramirez"}, {"uid": "adebelov", "name": "Alexander Debelov"}, {"uid": "aldahir.rodriguez.14", "name": "Aldahir Alexander Rodriguez"}, {"uid": "xotyalexander", "name": "Ty Alexander-Williams"}, {"uid": "AlexisAngeeel", "name": "Alexis Angel Roxas"}, {"uid": "alexbego1", "name": "Alex Bego"}, {"uid": "100020153184204", "name": "Alex Rojas"}, {"uid": "100004322387660", "name": "Alex Perdue"}, {"uid": "alex.dubon.16547008", "name": "Alex Dub\u00f3n"}, {"uid": "alexis.sibley.7", "name": "Alexis Mua"}, {"uid": "alexus.thaqueen", "name": "Alexus X Khalid"}, {"uid": "alexismichalik", "name": "Alexis Michalik"}, {"uid": "kassandra.kassandra.507679", "name": "Alexandra Costea"}, {"uid": "shanta.alexander.5", "name": "Shanta Alexander"}, {"uid": "582902950", "name": "Alex Hernandez"}, {"uid": "100051911946679", "name": "Alex"}, {"uid": "iamalexjoseck", "name": "Alex Joseck"}, {"uid": "100008090506822", "name": "Alex L. Nino"}, {"uid": "100043580256788", "name": "\u0386\u03bb\u03b5\u03be \u03a4\u03bf\u03bc"}, {"uid": "100054784334330", "name": "Alex Linda"}, {"uid": "100055167311718", "name": "Alex"}, {"uid": "samantha.alex.9847867", "name": "Samantha Alex"}, {"uid": "alex.yepez.948011", "name": "Alex"}, {"uid": "100054080146021", "name": "Alex Alex"}, {"uid": "100052793520724", "name": "Alex Alex"}, {"uid": "100053362660981", "name": "Alex Alex Alex"}, {"uid": "100051653207670", "name": "Alex Alex"}, {"uid": "bei.kelly.338", "name": "Alex Russoo"}, {"uid": "alex.muan.777", "name": "Alex Muan"}, {"uid": "100054565312187", "name": "Alex Valentin"}, {"uid": "100051514425972", "name": "Alex Alex"}, {"uid": "alex.atkins.796774", "name": "Alex Atkins"}, {"uid": "100056888703177", "name": "Alex Alex"}, {"uid": "alex.popescu.545", "name": "Alex Popescu"}, {"uid": "100054704204911", "name": "Alex Alex"}, {"uid": "100054790163561", "name": "Alex Alex"}, {"uid": "100045006519856", "name": "Alex"}, {"uid": "100054198141020", "name": "Alex"}, {"uid": "alex.estrera.1297", "name": "Alex Estrera"}, {"uid": "koo.pop.319", "name": "Alex Briggs"}, {"uid": "100052790923090", "name": "Alex Alex"}, {"uid": "100037466527921", "name": "Alex Alex"}, {"uid": "100054886494299", "name": "Alex Alex"}, {"uid": "barby.alex.10", "name": "Alex Alex"}, {"uid": "100054263749920", "name": "Alex Alex"}, {"uid": "100053064819432", "name": "Alex Alex"}, {"uid": "alex.rux.14", "name": "Alex Rux"}, {"uid": "100055065097593", "name": "Alex"}, {"uid": "100043159944286", "name": "Alex Alex"}, {"uid": "mariamaria.alex.77", "name": "Maria Maria Alex"}, {"uid": "100052238301523", "name": "Alex Alex"}, {"uid": "100055047661775", "name": "Alex Bautista"}, {"uid": "100011397097058", "name": "Alex Martinez"}, {"uid": "100045149732919", "name": "Alex Alex"}, {"uid": "IStoleYoNiggga", "name": "Alexis Fentress"}, {"uid": "100053548370617", "name": "Alex Alex"}, {"uid": "alex.sterdam.3", "name": "Alex Terdam"}, {"uid": "100053803012348", "name": "Alexander Alex"}, {"uid": "100054894464924", "name": "Alex Alex"}, {"uid": "alex.wallace.54540", "name": "Alex Wallace"}, {"uid": "alex.einstien.50", "name": "Alex Einstien"}, {"uid": "alex.99882", "name": "Alex Alda"}, {"uid": "100055409373730", "name": "Alex Correa"}, {"uid": "alex.alexcardoso.315", "name": "Alex Alex Cardoso"}, {"uid": "100054714555290", "name": "Alex Alex"}, {"uid": "100053348050439", "name": "Alejandro Alex"}, {"uid": "alex.shaub", "name": "Alex Shaub"}, {"uid": "100018059006049", "name": "Ionut Alex"}, {"uid": "100055048155652", "name": "Alex"}, {"uid": "aleks.alex.90038", "name": "Aleks Alex"}, {"uid": "100025736047617", "name": "Alex Holmes"}, {"uid": "100054496610177", "name": "Alex Vargas"}, {"uid": "ale.nalvarte.1", "name": "Alex Gracia"}, {"uid": "dochita.alex.9", "name": "Dochita Alex"}, {"uid": "alexis.jayda.7", "name": "Alexis Jayda"}, {"uid": "alexandra.andresen", "name": "Alexandra Andresen"}, {"uid": "aleksandrkushnar", "name": "Alexandr  Kushnar"}, {"uid": "100004700262539", "name": "Alexandra Cret Daraban"}, {"uid": "flaminzeanu.alexandra", "name": "Alexandra Flaminzeanu"}, {"uid": "aateodorescu", "name": "Alexandru Teodorescu"}, {"uid": "ashbaer", "name": "Alexander Katona"}, {"uid": "100026617058605", "name": "\u0410\u043b\u0435\u043a\u0441\u0435\u0439 \u041e\u0441\u0442\u0440\u043e\u0432\u0441\u043a\u0438\u0439"}, {"uid": "princes.heres", "name": "Rameen Alexandra"}, {"uid": "alexandra.mhay.9", "name": "Alexandra Reonico"}, {"uid": "100008877886960", "name": "Alexander Kovalenko"}, {"uid": "cosminalexandru.ro", "name": "Cosmin Alexandru"}, {"uid": "alexandra.music516", "name": "Alexandra Geva"}, {"uid": "alexandru.ion", "name": "Alexandru Ion"}, {"uid": "alexandre.versignassi", "name": "Alexandre Versignassi"}, {"uid": "alessandro.riggi", "name": "Alessandro Riggi"}, {"uid": "alexandre", "name": "Alexandre Roche"}, {"uid": "MrDevinAlexander", "name": "Devin Alexander"}, {"uid": "alessio.sgherza", "name": "Alessio Sgherza"}, {"uid": "alexandre.santos.5477", "name": "Alexandre Santos"}, {"uid": "alexander.genis.5", "name": "Alexander Genis"}, {"uid": "cajdacosta", "name": "Carlos Alexandre Da Costa"}, {"uid": "atizeno", "name": "Alexis Tizano"}, {"uid": "alexrezashams", "name": "Alex Shams"}, {"uid": "sasha.samoilova.9655", "name": "Alex Verna"}, {"uid": "alex.silvia.5059", "name": "Alex Silvia"}, {"uid": "amrutha.alex.18", "name": "Amrutha Alex"}, {"uid": "alex.alcover.77", "name": "Alex Alcover"}, {"uid": "100054639319820", "name": "Alex Ross"}, {"uid": "alex.dm.752861", "name": "Alex Dm"}, {"uid": "elisa.sipunct", "name": "Elisa Alexandra"}, {"uid": "tanja.tattooartist", "name": "Tanja Alexandra Frey-Rodriguez"}, {"uid": "bryanalexis.deguzman", "name": "BA De Guzman"}, {"uid": "MizJuiicyLiips", "name": "Alexine Tubman"}, {"uid": "100057188493800", "name": "Alex Flores"}, {"uid": "alexalencarmakers", "name": "Alex Alencar"}, {"uid": "alexhendric", "name": "Alex Hendricks"}, {"uid": "100000203517413", "name": "Alex Redano"}, {"uid": "alejandroreyesmillann", "name": "Alex Reyes Millan"}, {"uid": "jesusalexis.cristobalbonifaz", "name": "Alex Bonifaz"}, {"uid": "alex.lo.28", "name": "Alex Lo"}, {"uid": "alexlawrence", "name": "Alex Lawrence"}, {"uid": "alex.mars.73932646", "name": "Alex Mars"}, {"uid": "alex.burnett.731572", "name": "Alex Burnett"}, {"uid": "100055145114246", "name": "Alex Smith"}, {"uid": "alex.ros.1253236", "name": "Alex Ros"}, {"uid": "100055741101167", "name": "Alex"}, {"uid": "100054237846226", "name": "Alex Alex"}, {"uid": "alex.verrill.37", "name": "Alex Verrill"}, {"uid": "100053727600407", "name": "Alex Lodbrok"}, {"uid": "100055796876722", "name": "Alex"}, {"uid": "100054657948984", "name": "Alex"}, {"uid": "dimas.rjk.3", "name": "Alex Alex"}, {"uid": "100054577943134", "name": "Alex Alex"}, {"uid": "100050052854313", "name": "Alex"}, {"uid": "100051454390929", "name": "Alex Souza"}, {"uid": "100037089138658", "name": "Alex Juarez"}, {"uid": "100053950780244", "name": "Alex Guevara"}, {"uid": "100033067971700", "name": "Alex Alex"}, {"uid": "100054676816339", "name": "Alex Alex"}, {"uid": "100054299726947", "name": "Alex"}, {"uid": "100029668894200", "name": "Alex Alex"}, {"uid": "100054603264863", "name": "Alex"}, {"uid": "lizz.alex.566", "name": "Lizz Alex"}, {"uid": "100054876972566", "name": "Alex"}]